Mumbai,"26 July, 2019"
Kolhapur,"5 August, 2019"
Sangli,"7 August, 2019"
Pune,"9 August, 2019"
Satara,"10 August, 2019"
Thane,"12 August, 2019"
Palghar,"15 August, 2019"
Nashik,"18 August, 2019"
Aurangabad,"20 August, 2019"
Solapur,"22 August, 2019"
Mumbai,"15 September, 2019"
Kolhapur,"18 September, 2019"
Pune,"25 September, 2019"
Nagpur,"28 September, 2019"
Akola,"2 October, 2019"
Mumbai,"12 June, 2020"
Pune,"18 June, 2020"
Kolhapur,"22 June, 2020"
Sangli,"25 June, 2020"
Nashik,"28 June, 2020"
Thane,"5 July, 2020"
Satara,"8 July, 2020"
Aurangabad,"12 July, 2020"
Solapur,"15 July, 2020"
Nagpur,"18 July, 2020"
Mumbai,"18 July, 2021"
Chiplun,"22 July, 2021"
Mahad,"22 July, 2021"
Kolhapur,"23 July, 2021"
Sangli,"24 July, 2021"
Pune,"25 July, 2021"
Satara,"26 July, 2021"
Raigad,"22 July, 2021"
Ratnagiri,"23 July, 2021"
Sindhudurg,"24 July, 2021"
Thane,"25 July, 2021"
Palghar,"26 July, 2021"
Nashik,"27 July, 2021"
Ahmednagar,"28 July, 2021"
Solapur,"30 July, 2021"
Mumbai,"8 August, 2021"
Kolhapur,"12 August, 2021"
Pune,"15 August, 2021"
Nagpur,"18 August, 2021"
Aurangabad,"20 August, 2021"
Mumbai,"25 June, 2022"
Pune,"28 June, 2022"
Kolhapur,"2 July, 2022"
Sangli,"5 July, 2022"
Nashik,"8 July, 2022"
Thane,"12 July, 2022"
Satara,"15 July, 2022"
Aurangabad,"18 July, 2022"
Solapur,"22 July, 2022"
Nagpur,"25 July, 2022"
Akola,"28 July, 2022"
Amravati,"30 July, 2022"
Mumbai,"15 August, 2022"
Pune,"18 August, 2022"
Kolhapur,"22 August, 2022"
Mumbai,"10 July, 2023"
Pune,"15 July, 2023"
Kolhapur,"18 July, 2023"
Sangli,"22 July, 2023"
Nashik,"25 July, 2023"
Thane,"28 July, 2023"
Satara,"2 August, 2023"
Aurangabad,"5 August, 2023"
Solapur,"8 August, 2023"
Nagpur,"12 August, 2023"
Raigad,"15 August, 2023"
Ratnagiri,"18 August, 2023"
Mumbai,"25 August, 2023"
Pune,"28 August, 2023"
Kolhapur,"2 September, 2023"
Mumbai,"20 July, 2024"
Pune,"25 July, 2024"
Kolhapur,"28 July, 2024"
Sangli,"2 August, 2024"
Nashik,"5 August, 2024"
Thane,"8 August, 2024"
Satara,"12 August, 2024"
Aurangabad,"15 August, 2024"
Solapur,"18 August, 2024"
Nagpur,"22 August, 2024"
Akola,"25 August, 2024"
Amravati,"28 August, 2024"
Ichalkaranji,"2 September, 2024"
Karad,"5 September, 2024"
Miraj,"8 September, 2024"
Mumbai,"15 September, 2024"
Pune,"18 September, 2024"
Kolhapur,"22 September, 2024"